Attribute Name,Lowest Price
,199
3D glasses,15.8
Afro hair black,19
Afro hair blond,15
Afro hair ginger,19
Afro hair roux,23
Antennae,14.89
Antlers,20
Army helmet,18
Army uniform,16.950001
Astronaut helmet,49.990002
Astronaut suit,55
Aviator helmet,16.9
Aviator sunglasses,15
Backwards cap,15.8
Bamboo hat,17.99
Bandade,15.9
Bandana,15
Basketball jersey,14.5
Basketball jersey - Black,19.9
Basketball jersey black,15
Beret Black Solana,28
Beret Green,10
Beret Purple,22
Black,20
Black eyes,15
Blindfold,15
Blue,23
Brim dome hat,17
Brown,23
Bubble gum,15.99
Buck teeth,17.5
Bunny ears,25
Captain cap,17.700001
Cigar,19
Cigarette,15.45
Clothespin,10
Clown hair,50
Cowboy hat,17.700001
Crayons,27
Crown of thorns,18.219999
Dangle earrings,15
Dissected,1200
Earphones,14.89
Earplugs,16.5
Earrings,16
Elf hat,17.5
Executioner hood,17.4
Eye mask,17
Eye mask gold,20
Eye mask purple,16.950001
Eye mask red,16
Eye mask white,18.99
Eyepatch,15
Fire,379
Fire eyes,19
Firebreath,35
Floral jacket,16
Foam,19.9
Furless,199
Galea,35
Gauge earrings,14.99
Ginger,26
Goldchain,15.99
Golden,100
Golden Pipe,99
Graduate hat,15
Grey,19.99
Headset black,15.9
Headset gold,120
Headset purple,16.49
Headset red,19
Helicopter bucket hat,18
Hippie glasses,14.89
Hoodie Black,35
Hoodie Orange,15.99
Hoodie Purple,15
Hoodie White,10
Horns,19
Investigator hat,18
Jacket Black,14.99
Jacket Red,18
Katana,30
Kimono,16
King crown,40
Knight armor,55
Lab coat,16
Laser eyes,45
Laurel crown,27
Leather jacket,18.5
Leopard spots,15.8
Leprechaun hat,16.4
Lightsaber,49
Lipstick,14.5
Long beard black,12
Long beard blond,15
Long beard ginger,16
Long beard white,16.5
Magnifying glasses,18
Mango,34.599998
Missing teeth,16
Mohawk hair fire,14.5
Mohawk hair purple,19
Mohawk hair red,18
Monocle,16.4
Motorcycle helmet,19
Mustache,16
Native Headdress,27
Necklace,17
Ninja mask,18.99
Nosering,15
Nunchuks,15
Party hat,16
Peach,22
Phantom Jacket,350
Pilot vest,18.68
Pink,45
Pipe,19.9
Pirate hat,59
Prisoner uniform,17
Purple,22
Rainbow,22
Red,19.99
Red eyes,17
Regular,20
Robin Hood hat,15
Rose,15
Rudolph nose,14.99
Saberteeth,16
Saiyan hair,55
Samo Jersey,1000
Samurai armor,30
Samurai armor black,24.99
Samurai helmet,30
Samurai helmet black,50
Santa beard,16.9
Santa beard black,15
Santa beard blond,14.99
Santa beard ginger,19.5
Santa beard roux,23
Scarf Orange,16.700001
Scarf black,14.5
Scarf purple,18.5
Scarf white,15
Scooter helmet,15
Scouter,145.990005
Sharp smile,18.219999
Shirt black,15
Shirt white,16
Shuriken,17
Silver,29.799999
Skyblue,23
Smile,14.99
Smokebreath,18.66
Snake eyes blue,14.5
Snake eyes green,12
Snake eyes purple,15
Snake eyes red,16
Snake eyes yellow,16
Snake tongue,22
Snorkeling mask,15
Soccer jersey,14.3
Solana,23
Solana T-Shirt,80
Solana T-shirt,35
Sombrero,16
Starry jacket,16
Starry jacket black,16
Stethoscope,14.99
Straw,15
Straw hat,18
Super Saiyan hair,135
Surgical mask,70
Surgical mask black,35
Swimming glasses,14.5
T-Shirt Orange,16.4
T-Shirt Purple,18
T-Shirt White,15
T-shirt Orange,20
T-shirt Purple,21
T-shirt White,21
Tank Top Orange,14.99
Tank Top Purple,15
Tape,15
Tengai,17
Toga,18
Tongue out,14.5
Toothless,14.3
Top hat,16
Toque,14.3
Toxic mask,19
Trident,27
Turban,15
Tuxedo,24.889999
VR headset,10
Viper Solana,20
Viper gold,18.9
Viper orange,15
Viper pink,19
Viper sunglasses,18.99
Vizor,15
Welding mask,18.9
White,20
White eyes,19.5
Wireless earphones,15
Wizard hat,19.5
Zebra stripes,10
Zombie,650
